{    "Toad": {        "color": [            244,            228,            20        ],        "path_outer": [            [                391,                108.736842105263            ],            [                522.026315789473,                138.34517274782            ],            [                456.513157894737,                211.421052631579            ],            [                391,                169.843396835648            ]        ]    },    "Princess": {        "color": [            226,            93,            216        ],        "path_outer": [            [                324,                468            ],            [                424,                468            ],            [                424,                630.57894736842            ],            [                90.2763157894733,                616.835526315788            ],            [                99.71052631579,                536.776315789471            ],            [                284.000000000002,                551.394736842103            ]        ],        "path_inner": [            [                [                    119,                    555                ],                [                    119,                    584                ],                [                    248.763157894737,                    595.421052631578                ],                [                    227.526315789473,                    561.736842105263                ]            ],            [                [                    350.894736842105,                    499.947368421053                ],                [                    313,                    563.842105263158                ],                [                    313,                    598                ],                [                    400,                    610.157894736842                ],                [                    400,                    504                ]            ]        ]    },    "Luigi": {        "color": [            105,            224,            92        ],        "path_outer": [            [                520.263157894737,                318.210526315788            ],            [                521.315789473683,                350.842105263157            ],            [                572,                344            ],            [                572,                293.999999999999            ],            [                618.157894736842,                287.684063873793            ],            [                627.631578947368,                371.500009461453            ],            [                473.947368421052,                400.31580839659            ],            [                497.105263157895,                324.526353635285            ]        ],        "path_inner": [            [                [                    500.315789473683,                    353.578947368421                ],                [                    491.736842105263,                    382                ],                [                    511,                    382                ]            ],            [                [                    583.447368421052,                    312.578947368421                ],                [                    575.947368421053,                    362                ],                [                    612,                    362                ],                [                    612,                    305                ]            ]        ]    },    "Mario": {        "color": [            239,            60,            24        ],        "path_outer": [            [                320.947368421053,                184.789473684211            ],            [                232.276315789473,                323.263157894736            ],            [                98.4736842105258,                294.842105263157            ],            [                93.5789473684208,                143.736842105263            ]        ],        "path_inner": [            [                [                    227.526315789473,                    246.197368421053                ],                [                    257.138157894737,                    238.953947368421                ],                [                    270,                    192                ],                [                    238,                    192                ]            ],            [                [                    130,                    179                ],                [                    130,                    259                ],                [                    195.697368421053,                    273.315789473684                ],                [                    206.888157894737,                    198.578947368421                ]            ]        ]    }}